date_key,full_date,year,quarter,month,month_name,week_of_year,day_of_month,day_of_week,day_name,is_weekend
20080101,2008-01-01,2008,1,1,January,1,1,2,Tuesday,0
20080102,2008-01-02,2008,1,1,January,1,2,3,Wednesday,0
20080103,2008-01-03,2008,1,1,January,1,3,4,Thursday,0
20080104,2008-01-04,2008,1,1,January,1,4,5,Friday,0
20080105,2008-01-05,2008,1,1,January,1,5,6,Saturday,1
20080106,2008-01-06,2008,1,1,January,1,6,7,Sunday,1
20080107,2008-01-07,2008,1,1,January,2,7,1,Monday,0
20080108,2008-01-08,2008,1,1,January,2,8,2,Tuesday,0
20080109,2008-01-09,2008,1,1,January,2,9,3,Wednesday,0
20080110,2008-01-10,2008,1,1,January,2,10,4,Thursday,0
20080111,2008-01-11,2008,1,1,January,2,11,5,Friday,0
20080112,2008-01-12,2008,1,1,January,2,12,6,Saturday,1
20080113,2008-01-13,2008,1,1,January,2,13,7,Sunday,1
20080114,2008-01-14,2008,1,1,January,3,14,1,Monday,0
20080115,2008-01-15,2008,1,1,January,3,15,2,Tuesday,0
20080116,2008-01-16,2008,1,1,January,3,16,3,Wednesday,0
20080117,2008-01-17,2008,1,1,January,3,17,4,Thursday,0
20080118,2008-01-18,2008,1,1,January,3,18,5,Friday,0
20080119,2008-01-19,2008,1,1,January,3,19,6,Saturday,1
20080120,2008-01-20,2008,1,1,January,3,20,7,Sunday,1
20080121,2008-01-21,2008,1,1,January,4,21,1,Monday,0
20080122,2008-01-22,2008,1,1,January,4,22,2,Tuesday,0
20080123,2008-01-23,2008,1,1,January,4,23,3,Wednesday,0
20080124,2008-01-24,2008,1,1,January,4,24,4,Thursday,0
20080125,2008-01-25,2008,1,1,January,4,25,5,Friday,0
20080126,2008-01-26,2008,1,1,January,4,26,6,Saturday,1
20080127,2008-01-27,2008,1,1,January,4,27,7,Sunday,1
20080128,2008-01-28,2008,1,1,January,5,28,1,Monday,0
20080129,2008-01-29,2008,1,1,January,5,29,2,Tuesday,0
20080130,2008-01-30,2008,1,1,January,5,30,3,Wednesday,0
20080131,2008-01-31,2008,1,1,January,5,31,4,Thursday,0
20080201,2008-02-01,2008,1,2,February,5,1,5,Friday,0
20080202,2008-02-02,2008,1,2,February,5,2,6,Saturday,1
20080203,2008-02-03,2008,1,2,February,5,3,7,Sunday,1
20080204,2008-02-04,2008,1,2,February,6,4,1,Monday,0
20080205,2008-02-05,2008,1,2,February,6,5,2,Tuesday,0
20080206,2008-02-06,2008,1,2,February,6,6,3,Wednesday,0
20080207,2008-02-07,2008,1,2,February,6,7,4,Thursday,0
20080208,2008-02-08,2008,1,2,February,6,8,5,Friday,0
20080209,2008-02-09,2008,1,2,February,6,9,6,Saturday,1
20080210,2008-02-10,2008,1,2,February,6,10,7,Sunday,1
20080211,2008-02-11,2008,1,2,February,7,11,1,Monday,0
20080212,2008-02-12,2008,1,2,February,7,12,2,Tuesday,0
20080213,2008-02-13,2008,1,2,February,7,13,3,Wednesday,0
20080214,2008-02-14,2008,1,2,February,7,14,4,Thursday,0
20080215,2008-02-15,2008,1,2,February,7,15,5,Friday,0
20080216,2008-02-16,2008,1,2,February,7,16,6,Saturday,1
20080217,2008-02-17,2008,1,2,February,7,17,7,Sunday,1
20080218,2008-02-18,2008,1,2,February,8,18,1,Monday,0
20080219,2008-02-19,2008,1,2,February,8,19,2,Tuesday,0
20080220,2008-02-20,2008,1,2,February,8,20,3,Wednesday,0
20080221,2008-02-21,2008,1,2,February,8,21,4,Thursday,0
20080222,2008-02-22,2008,1,2,February,8,22,5,Friday,0
20080223,2008-02-23,2008,1,2,February,8,23,6,Saturday,1
20080224,2008-02-24,2008,1,2,February,8,24,7,Sunday,1
20080225,2008-02-25,2008,1,2,February,9,25,1,Monday,0
20080226,2008-02-26,2008,1,2,February,9,26,2,Tuesday,0
20080227,2008-02-27,2008,1,2,February,9,27,3,Wednesday,0
20080228,2008-02-28,2008,1,2,February,9,28,4,Thursday,0
20080229,2008-02-29,2008,1,2,February,9,29,5,Friday,0
20080301,2008-03-01,2008,1,3,March,9,1,6,Saturday,1
20080302,2008-03-02,2008,1,3,March,9,2,7,Sunday,1
20080303,2008-03-03,2008,1,3,March,10,3,1,Monday,0
20080304,2008-03-04,2008,1,3,March,10,4,2,Tuesday,0
20080305,2008-03-05,2008,1,3,March,10,5,3,Wednesday,0
20080306,2008-03-06,2008,1,3,March,10,6,4,Thursday,0
20080307,2008-03-07,2008,1,3,March,10,7,5,Friday,0
20080308,2008-03-08,2008,1,3,March,10,8,6,Saturday,1
20080309,2008-03-09,2008,1,3,March,10,9,7,Sunday,1
20080310,2008-03-10,2008,1,3,March,11,10,1,Monday,0
20080311,2008-03-11,2008,1,3,March,11,11,2,Tuesday,0
20080312,2008-03-12,2008,1,3,March,11,12,3,Wednesday,0
20080313,2008-03-13,2008,1,3,March,11,13,4,Thursday,0
20080314,2008-03-14,2008,1,3,March,11,14,5,Friday,0
20080315,2008-03-15,2008,1,3,March,11,15,6,Saturday,1
20080316,2008-03-16,2008,1,3,March,11,16,7,Sunday,1
20080317,2008-03-17,2008,1,3,March,12,17,1,Monday,0
20080318,2008-03-18,2008,1,3,March,12,18,2,Tuesday,0
20080319,2008-03-19,2008,1,3,March,12,19,3,Wednesday,0
20080320,2008-03-20,2008,1,3,March,12,20,4,Thursday,0
20080321,2008-03-21,2008,1,3,March,12,21,5,Friday,0
20080322,2008-03-22,2008,1,3,March,12,22,6,Saturday,1
20080323,2008-03-23,2008,1,3,March,12,23,7,Sunday,1
20080324,2008-03-24,2008,1,3,March,13,24,1,Monday,0
20080325,2008-03-25,2008,1,3,March,13,25,2,Tuesday,0
20080326,2008-03-26,2008,1,3,March,13,26,3,Wednesday,0
20080327,2008-03-27,2008,1,3,March,13,27,4,Thursday,0
20080328,2008-03-28,2008,1,3,March,13,28,5,Friday,0
20080329,2008-03-29,2008,1,3,March,13,29,6,Saturday,1
20080330,2008-03-30,2008,1,3,March,13,30,7,Sunday,1
20080331,2008-03-31,2008,1,3,March,14,31,1,Monday,0
20080401,2008-04-01,2008,2,4,April,14,1,2,Tuesday,0
20080402,2008-04-02,2008,2,4,April,14,2,3,Wednesday,0
20080403,2008-04-03,2008,2,4,April,14,3,4,Thursday,0
20080404,2008-04-04,2008,2,4,April,14,4,5,Friday,0
20080405,2008-04-05,2008,2,4,April,14,5,6,Saturday,1
20080406,2008-04-06,2008,2,4,April,14,6,7,Sunday,1
20080407,2008-04-07,2008,2,4,April,15,7,1,Monday,0
20080408,2008-04-08,2008,2,4,April,15,8,2,Tuesday,0
20080409,2008-04-09,2008,2,4,April,15,9,3,Wednesday,0
20080410,2008-04-10,2008,2,4,April,15,10,4,Thursday,0
20080411,2008-04-11,2008,2,4,April,15,11,5,Friday,0
20080412,2008-04-12,2008,2,4,April,15,12,6,Saturday,1
20080413,2008-04-13,2008,2,4,April,15,13,7,Sunday,1
20080414,2008-04-14,2008,2,4,April,16,14,1,Monday,0
20080415,2008-04-15,2008,2,4,April,16,15,2,Tuesday,0
20080416,2008-04-16,2008,2,4,April,16,16,3,Wednesday,0
20080417,2008-04-17,2008,2,4,April,16,17,4,Thursday,0
20080418,2008-04-18,2008,2,4,April,16,18,5,Friday,0
20080419,2008-04-19,2008,2,4,April,16,19,6,Saturday,1
20080420,2008-04-20,2008,2,4,April,16,20,7,Sunday,1
20080421,2008-04-21,2008,2,4,April,17,21,1,Monday,0
20080422,2008-04-22,2008,2,4,April,17,22,2,Tuesday,0
20080423,2008-04-23,2008,2,4,April,17,23,3,Wednesday,0
20080424,2008-04-24,2008,2,4,April,17,24,4,Thursday,0
20080425,2008-04-25,2008,2,4,April,17,25,5,Friday,0
20080426,2008-04-26,2008,2,4,April,17,26,6,Saturday,1
20080427,2008-04-27,2008,2,4,April,17,27,7,Sunday,1
20080428,2008-04-28,2008,2,4,April,18,28,1,Monday,0
20080429,2008-04-29,2008,2,4,April,18,29,2,Tuesday,0
20080430,2008-04-30,2008,2,4,April,18,30,3,Wednesday,0
20080501,2008-05-01,2008,2,5,May,18,1,4,Thursday,0
20080502,2008-05-02,2008,2,5,May,18,2,5,Friday,0
20080503,2008-05-03,2008,2,5,May,18,3,6,Saturday,1
20080504,2008-05-04,2008,2,5,May,18,4,7,Sunday,1
20080505,2008-05-05,2008,2,5,May,19,5,1,Monday,0
20080506,2008-05-06,2008,2,5,May,19,6,2,Tuesday,0
20080507,2008-05-07,2008,2,5,May,19,7,3,Wednesday,0
20080508,2008-05-08,2008,2,5,May,19,8,4,Thursday,0
20080509,2008-05-09,2008,2,5,May,19,9,5,Friday,0
20080510,2008-05-10,2008,2,5,May,19,10,6,Saturday,1
20080511,2008-05-11,2008,2,5,May,19,11,7,Sunday,1
20080512,2008-05-12,2008,2,5,May,20,12,1,Monday,0
20080513,2008-05-13,2008,2,5,May,20,13,2,Tuesday,0
20080514,2008-05-14,2008,2,5,May,20,14,3,Wednesday,0
20080515,2008-05-15,2008,2,5,May,20,15,4,Thursday,0
20080516,2008-05-16,2008,2,5,May,20,16,5,Friday,0
20080517,2008-05-17,2008,2,5,May,20,17,6,Saturday,1
20080518,2008-05-18,2008,2,5,May,20,18,7,Sunday,1
20080519,2008-05-19,2008,2,5,May,21,19,1,Monday,0
20080520,2008-05-20,2008,2,5,May,21,20,2,Tuesday,0
20080521,2008-05-21,2008,2,5,May,21,21,3,Wednesday,0
20080522,2008-05-22,2008,2,5,May,21,22,4,Thursday,0
20080523,2008-05-23,2008,2,5,May,21,23,5,Friday,0
20080524,2008-05-24,2008,2,5,May,21,24,6,Saturday,1
20080525,2008-05-25,2008,2,5,May,21,25,7,Sunday,1
20080526,2008-05-26,2008,2,5,May,22,26,1,Monday,0
20080527,2008-05-27,2008,2,5,May,22,27,2,Tuesday,0
20080528,2008-05-28,2008,2,5,May,22,28,3,Wednesday,0
20080529,2008-05-29,2008,2,5,May,22,29,4,Thursday,0
20080530,2008-05-30,2008,2,5,May,22,30,5,Friday,0
20080531,2008-05-31,2008,2,5,May,22,31,6,Saturday,1
20080601,2008-06-01,2008,2,6,June,22,1,7,Sunday,1
20080602,2008-06-02,2008,2,6,June,23,2,1,Monday,0
20080603,2008-06-03,2008,2,6,June,23,3,2,Tuesday,0
20080604,2008-06-04,2008,2,6,June,23,4,3,Wednesday,0
20080605,2008-06-05,2008,2,6,June,23,5,4,Thursday,0
20080606,2008-06-06,2008,2,6,June,23,6,5,Friday,0
20080607,2008-06-07,2008,2,6,June,23,7,6,Saturday,1
20080608,2008-06-08,2008,2,6,June,23,8,7,Sunday,1
20080609,2008-06-09,2008,2,6,June,24,9,1,Monday,0
20080610,2008-06-10,2008,2,6,June,24,10,2,Tuesday,0
20080611,2008-06-11,2008,2,6,June,24,11,3,Wednesday,0
20080612,2008-06-12,2008,2,6,June,24,12,4,Thursday,0
20080613,2008-06-13,2008,2,6,June,24,13,5,Friday,0
20080614,2008-06-14,2008,2,6,June,24,14,6,Saturday,1
20080615,2008-06-15,2008,2,6,June,24,15,7,Sunday,1
20080616,2008-06-16,2008,2,6,June,25,16,1,Monday,0
20080617,2008-06-17,2008,2,6,June,25,17,2,Tuesday,0
20080618,2008-06-18,2008,2,6,June,25,18,3,Wednesday,0
20080619,2008-06-19,2008,2,6,June,25,19,4,Thursday,0
20080620,2008-06-20,2008,2,6,June,25,20,5,Friday,0
20080621,2008-06-21,2008,2,6,June,25,21,6,Saturday,1
20080622,2008-06-22,2008,2,6,June,25,22,7,Sunday,1
20080623,2008-06-23,2008,2,6,June,26,23,1,Monday,0
20080624,2008-06-24,2008,2,6,June,26,24,2,Tuesday,0
20080625,2008-06-25,2008,2,6,June,26,25,3,Wednesday,0
20080626,2008-06-26,2008,2,6,June,26,26,4,Thursday,0
20080627,2008-06-27,2008,2,6,June,26,27,5,Friday,0
20080628,2008-06-28,2008,2,6,June,26,28,6,Saturday,1
20080629,2008-06-29,2008,2,6,June,26,29,7,Sunday,1
20080630,2008-06-30,2008,2,6,June,27,30,1,Monday,0
20080701,2008-07-01,2008,3,7,July,27,1,2,Tuesday,0
20080702,2008-07-02,2008,3,7,July,27,2,3,Wednesday,0
20080703,2008-07-03,2008,3,7,July,27,3,4,Thursday,0
20080704,2008-07-04,2008,3,7,July,27,4,5,Friday,0
20080705,2008-07-05,2008,3,7,July,27,5,6,Saturday,1
20080706,2008-07-06,2008,3,7,July,27,6,7,Sunday,1
20080707,2008-07-07,2008,3,7,July,28,7,1,Monday,0
20080708,2008-07-08,2008,3,7,July,28,8,2,Tuesday,0
20080709,2008-07-09,2008,3,7,July,28,9,3,Wednesday,0
20080710,2008-07-10,2008,3,7,July,28,10,4,Thursday,0
20080711,2008-07-11,2008,3,7,July,28,11,5,Friday,0
20080712,2008-07-12,2008,3,7,July,28,12,6,Saturday,1
20080713,2008-07-13,2008,3,7,July,28,13,7,Sunday,1
20080714,2008-07-14,2008,3,7,July,29,14,1,Monday,0
20080715,2008-07-15,2008,3,7,July,29,15,2,Tuesday,0
20080716,2008-07-16,2008,3,7,July,29,16,3,Wednesday,0
20080717,2008-07-17,2008,3,7,July,29,17,4,Thursday,0
20080718,2008-07-18,2008,3,7,July,29,18,5,Friday,0
20080719,2008-07-19,2008,3,7,July,29,19,6,Saturday,1
20080720,2008-07-20,2008,3,7,July,29,20,7,Sunday,1
20080721,2008-07-21,2008,3,7,July,30,21,1,Monday,0
20080722,2008-07-22,2008,3,7,July,30,22,2,Tuesday,0
20080723,2008-07-23,2008,3,7,July,30,23,3,Wednesday,0
20080724,2008-07-24,2008,3,7,July,30,24,4,Thursday,0
20080725,2008-07-25,2008,3,7,July,30,25,5,Friday,0
20080726,2008-07-26,2008,3,7,July,30,26,6,Saturday,1
20080727,2008-07-27,2008,3,7,July,30,27,7,Sunday,1
20080728,2008-07-28,2008,3,7,July,31,28,1,Monday,0
20080729,2008-07-29,2008,3,7,July,31,29,2,Tuesday,0
20080730,2008-07-30,2008,3,7,July,31,30,3,Wednesday,0
20080731,2008-07-31,2008,3,7,July,31,31,4,Thursday,0
20080801,2008-08-01,2008,3,8,August,31,1,5,Friday,0
20080802,2008-08-02,2008,3,8,August,31,2,6,Saturday,1
20080803,2008-08-03,2008,3,8,August,31,3,7,Sunday,1
20080804,2008-08-04,2008,3,8,August,32,4,1,Monday,0
20080805,2008-08-05,2008,3,8,August,32,5,2,Tuesday,0
20080806,2008-08-06,2008,3,8,August,32,6,3,Wednesday,0
20080807,2008-08-07,2008,3,8,August,32,7,4,Thursday,0
20080808,2008-08-08,2008,3,8,August,32,8,5,Friday,0
20080809,2008-08-09,2008,3,8,August,32,9,6,Saturday,1
20080810,2008-08-10,2008,3,8,August,32,10,7,Sunday,1
20080811,2008-08-11,2008,3,8,August,33,11,1,Monday,0
20080812,2008-08-12,2008,3,8,August,33,12,2,Tuesday,0
20080813,2008-08-13,2008,3,8,August,33,13,3,Wednesday,0
20080814,2008-08-14,2008,3,8,August,33,14,4,Thursday,0
20080815,2008-08-15,2008,3,8,August,33,15,5,Friday,0
20080816,2008-08-16,2008,3,8,August,33,16,6,Saturday,1
20080817,2008-08-17,2008,3,8,August,33,17,7,Sunday,1
20080818,2008-08-18,2008,3,8,August,34,18,1,Monday,0
20080819,2008-08-19,2008,3,8,August,34,19,2,Tuesday,0
20080820,2008-08-20,2008,3,8,August,34,20,3,Wednesday,0
20080821,2008-08-21,2008,3,8,August,34,21,4,Thursday,0
20080822,2008-08-22,2008,3,8,August,34,22,5,Friday,0
20080823,2008-08-23,2008,3,8,August,34,23,6,Saturday,1
20080824,2008-08-24,2008,3,8,August,34,24,7,Sunday,1
20080825,2008-08-25,2008,3,8,August,35,25,1,Monday,0
20080826,2008-08-26,2008,3,8,August,35,26,2,Tuesday,0
20080827,2008-08-27,2008,3,8,August,35,27,3,Wednesday,0
20080828,2008-08-28,2008,3,8,August,35,28,4,Thursday,0
20080829,2008-08-29,2008,3,8,August,35,29,5,Friday,0
20080830,2008-08-30,2008,3,8,August,35,30,6,Saturday,1
20080831,2008-08-31,2008,3,8,August,35,31,7,Sunday,1
20080901,2008-09-01,2008,3,9,September,36,1,1,Monday,0
20080902,2008-09-02,2008,3,9,September,36,2,2,Tuesday,0
20080903,2008-09-03,2008,3,9,September,36,3,3,Wednesday,0
20080904,2008-09-04,2008,3,9,September,36,4,4,Thursday,0
20080905,2008-09-05,2008,3,9,September,36,5,5,Friday,0
20080906,2008-09-06,2008,3,9,September,36,6,6,Saturday,1
20080907,2008-09-07,2008,3,9,September,36,7,7,Sunday,1
20080908,2008-09-08,2008,3,9,September,37,8,1,Monday,0
20080909,2008-09-09,2008,3,9,September,37,9,2,Tuesday,0
20080910,2008-09-10,2008,3,9,September,37,10,3,Wednesday,0
20080911,2008-09-11,2008,3,9,September,37,11,4,Thursday,0
20080912,2008-09-12,2008,3,9,September,37,12,5,Friday,0
20080913,2008-09-13,2008,3,9,September,37,13,6,Saturday,1
20080914,2008-09-14,2008,3,9,September,37,14,7,Sunday,1
20080915,2008-09-15,2008,3,9,September,38,15,1,Monday,0
20080916,2008-09-16,2008,3,9,September,38,16,2,Tuesday,0
20080917,2008-09-17,2008,3,9,September,38,17,3,Wednesday,0
20080918,2008-09-18,2008,3,9,September,38,18,4,Thursday,0
20080919,2008-09-19,2008,3,9,September,38,19,5,Friday,0
20080920,2008-09-20,2008,3,9,September,38,20,6,Saturday,1
20080921,2008-09-21,2008,3,9,September,38,21,7,Sunday,1
20080922,2008-09-22,2008,3,9,September,39,22,1,Monday,0
20080923,2008-09-23,2008,3,9,September,39,23,2,Tuesday,0
20080924,2008-09-24,2008,3,9,September,39,24,3,Wednesday,0
20080925,2008-09-25,2008,3,9,September,39,25,4,Thursday,0
20080926,2008-09-26,2008,3,9,September,39,26,5,Friday,0
20080927,2008-09-27,2008,3,9,September,39,27,6,Saturday,1
20080928,2008-09-28,2008,3,9,September,39,28,7,Sunday,1
20080929,2008-09-29,2008,3,9,September,40,29,1,Monday,0
20080930,2008-09-30,2008,3,9,September,40,30,2,Tuesday,0
20081001,2008-10-01,2008,4,10,October,40,1,3,Wednesday,0
20081002,2008-10-02,2008,4,10,October,40,2,4,Thursday,0
20081003,2008-10-03,2008,4,10,October,40,3,5,Friday,0
20081004,2008-10-04,2008,4,10,October,40,4,6,Saturday,1
20081005,2008-10-05,2008,4,10,October,40,5,7,Sunday,1
20081006,2008-10-06,2008,4,10,October,41,6,1,Monday,0
20081007,2008-10-07,2008,4,10,October,41,7,2,Tuesday,0
20081008,2008-10-08,2008,4,10,October,41,8,3,Wednesday,0
20081009,2008-10-09,2008,4,10,October,41,9,4,Thursday,0
20081010,2008-10-10,2008,4,10,October,41,10,5,Friday,0
20081011,2008-10-11,2008,4,10,October,41,11,6,Saturday,1
20081012,2008-10-12,2008,4,10,October,41,12,7,Sunday,1
20081013,2008-10-13,2008,4,10,October,42,13,1,Monday,0
20081014,2008-10-14,2008,4,10,October,42,14,2,Tuesday,0
20081015,2008-10-15,2008,4,10,October,42,15,3,Wednesday,0
20081016,2008-10-16,2008,4,10,October,42,16,4,Thursday,0
20081017,2008-10-17,2008,4,10,October,42,17,5,Friday,0
20081018,2008-10-18,2008,4,10,October,42,18,6,Saturday,1
20081019,2008-10-19,2008,4,10,October,42,19,7,Sunday,1
20081020,2008-10-20,2008,4,10,October,43,20,1,Monday,0
20081021,2008-10-21,2008,4,10,October,43,21,2,Tuesday,0
20081022,2008-10-22,2008,4,10,October,43,22,3,Wednesday,0
20081023,2008-10-23,2008,4,10,October,43,23,4,Thursday,0
20081024,2008-10-24,2008,4,10,October,43,24,5,Friday,0
20081025,2008-10-25,2008,4,10,October,43,25,6,Saturday,1
20081026,2008-10-26,2008,4,10,October,43,26,7,Sunday,1
20081027,2008-10-27,2008,4,10,October,44,27,1,Monday,0
20081028,2008-10-28,2008,4,10,October,44,28,2,Tuesday,0
20081029,2008-10-29,2008,4,10,October,44,29,3,Wednesday,0
20081030,2008-10-30,2008,4,10,October,44,30,4,Thursday,0
20081031,2008-10-31,2008,4,10,October,44,31,5,Friday,0
20081101,2008-11-01,2008,4,11,November,44,1,6,Saturday,1
20081102,2008-11-02,2008,4,11,November,44,2,7,Sunday,1
20081103,2008-11-03,2008,4,11,November,45,3,1,Monday,0
20081104,2008-11-04,2008,4,11,November,45,4,2,Tuesday,0
20081105,2008-11-05,2008,4,11,November,45,5,3,Wednesday,0
20081106,2008-11-06,2008,4,11,November,45,6,4,Thursday,0
20081107,2008-11-07,2008,4,11,November,45,7,5,Friday,0
20081108,2008-11-08,2008,4,11,November,45,8,6,Saturday,1
20081109,2008-11-09,2008,4,11,November,45,9,7,Sunday,1
20081110,2008-11-10,2008,4,11,November,46,10,1,Monday,0
20081111,2008-11-11,2008,4,11,November,46,11,2,Tuesday,0
20081112,2008-11-12,2008,4,11,November,46,12,3,Wednesday,0
20081113,2008-11-13,2008,4,11,November,46,13,4,Thursday,0
20081114,2008-11-14,2008,4,11,November,46,14,5,Friday,0
20081115,2008-11-15,2008,4,11,November,46,15,6,Saturday,1
20081116,2008-11-16,2008,4,11,November,46,16,7,Sunday,1
20081117,2008-11-17,2008,4,11,November,47,17,1,Monday,0
20081118,2008-11-18,2008,4,11,November,47,18,2,Tuesday,0
20081119,2008-11-19,2008,4,11,November,47,19,3,Wednesday,0
20081120,2008-11-20,2008,4,11,November,47,20,4,Thursday,0
20081121,2008-11-21,2008,4,11,November,47,21,5,Friday,0
20081122,2008-11-22,2008,4,11,November,47,22,6,Saturday,1
20081123,2008-11-23,2008,4,11,November,47,23,7,Sunday,1
20081124,2008-11-24,2008,4,11,November,48,24,1,Monday,0
20081125,2008-11-25,2008,4,11,November,48,25,2,Tuesday,0
20081126,2008-11-26,2008,4,11,November,48,26,3,Wednesday,0
20081127,2008-11-27,2008,4,11,November,48,27,4,Thursday,0
20081128,2008-11-28,2008,4,11,November,48,28,5,Friday,0
20081129,2008-11-29,2008,4,11,November,48,29,6,Saturday,1
20081130,2008-11-30,2008,4,11,November,48,30,7,Sunday,1
20081201,2008-12-01,2008,4,12,December,49,1,1,Monday,0
20081202,2008-12-02,2008,4,12,December,49,2,2,Tuesday,0
20081203,2008-12-03,2008,4,12,December,49,3,3,Wednesday,0
20081204,2008-12-04,2008,4,12,December,49,4,4,Thursday,0
20081205,2008-12-05,2008,4,12,December,49,5,5,Friday,0
20081206,2008-12-06,2008,4,12,December,49,6,6,Saturday,1
20081207,2008-12-07,2008,4,12,December,49,7,7,Sunday,1
20081208,2008-12-08,2008,4,12,December,50,8,1,Monday,0
20081209,2008-12-09,2008,4,12,December,50,9,2,Tuesday,0
20081210,2008-12-10,2008,4,12,December,50,10,3,Wednesday,0
20081211,2008-12-11,2008,4,12,December,50,11,4,Thursday,0
20081212,2008-12-12,2008,4,12,December,50,12,5,Friday,0
20081213,2008-12-13,2008,4,12,December,50,13,6,Saturday,1
20081214,2008-12-14,2008,4,12,December,50,14,7,Sunday,1
20081215,2008-12-15,2008,4,12,December,51,15,1,Monday,0
20081216,2008-12-16,2008,4,12,December,51,16,2,Tuesday,0
20081217,2008-12-17,2008,4,12,December,51,17,3,Wednesday,0
20081218,2008-12-18,2008,4,12,December,51,18,4,Thursday,0
20081219,2008-12-19,2008,4,12,December,51,19,5,Friday,0
20081220,2008-12-20,2008,4,12,December,51,20,6,Saturday,1
20081221,2008-12-21,2008,4,12,December,51,21,7,Sunday,1
20081222,2008-12-22,2008,4,12,December,52,22,1,Monday,0
20081223,2008-12-23,2008,4,12,December,52,23,2,Tuesday,0
20081224,2008-12-24,2008,4,12,December,52,24,3,Wednesday,0
20081225,2008-12-25,2008,4,12,December,52,25,4,Thursday,0
20081226,2008-12-26,2008,4,12,December,52,26,5,Friday,0
20081227,2008-12-27,2008,4,12,December,52,27,6,Saturday,1
20081228,2008-12-28,2008,4,12,December,52,28,7,Sunday,1
20081229,2008-12-29,2008,4,12,December,1,29,1,Monday,0
20081230,2008-12-30,2008,4,12,December,1,30,2,Tuesday,0
20081231,2008-12-31,2008,4,12,December,1,31,3,Wednesday,0
20090101,2009-01-01,2009,1,1,January,1,1,4,Thursday,0
20090102,2009-01-02,2009,1,1,January,1,2,5,Friday,0
20090103,2009-01-03,2009,1,1,January,1,3,6,Saturday,1
20090104,2009-01-04,2009,1,1,January,1,4,7,Sunday,1
20090105,2009-01-05,2009,1,1,January,2,5,1,Monday,0
20090106,2009-01-06,2009,1,1,January,2,6,2,Tuesday,0
20090107,2009-01-07,2009,1,1,January,2,7,3,Wednesday,0
20090108,2009-01-08,2009,1,1,January,2,8,4,Thursday,0
20090109,2009-01-09,2009,1,1,January,2,9,5,Friday,0
20090110,2009-01-10,2009,1,1,January,2,10,6,Saturday,1
20090111,2009-01-11,2009,1,1,January,2,11,7,Sunday,1
20090112,2009-01-12,2009,1,1,January,3,12,1,Monday,0
20090113,2009-01-13,2009,1,1,January,3,13,2,Tuesday,0
20090114,2009-01-14,2009,1,1,January,3,14,3,Wednesday,0
20090115,2009-01-15,2009,1,1,January,3,15,4,Thursday,0
20090116,2009-01-16,2009,1,1,January,3,16,5,Friday,0
20090117,2009-01-17,2009,1,1,January,3,17,6,Saturday,1
20090118,2009-01-18,2009,1,1,January,3,18,7,Sunday,1
20090119,2009-01-19,2009,1,1,January,4,19,1,Monday,0
20090120,2009-01-20,2009,1,1,January,4,20,2,Tuesday,0
20090121,2009-01-21,2009,1,1,January,4,21,3,Wednesday,0
20090122,2009-01-22,2009,1,1,January,4,22,4,Thursday,0
20090123,2009-01-23,2009,1,1,January,4,23,5,Friday,0
20090124,2009-01-24,2009,1,1,January,4,24,6,Saturday,1
20090125,2009-01-25,2009,1,1,January,4,25,7,Sunday,1
20090126,2009-01-26,2009,1,1,January,5,26,1,Monday,0
20090127,2009-01-27,2009,1,1,January,5,27,2,Tuesday,0
20090128,2009-01-28,2009,1,1,January,5,28,3,Wednesday,0
20090129,2009-01-29,2009,1,1,January,5,29,4,Thursday,0
20090130,2009-01-30,2009,1,1,January,5,30,5,Friday,0
20090131,2009-01-31,2009,1,1,January,5,31,6,Saturday,1
20090201,2009-02-01,2009,1,2,February,5,1,7,Sunday,1
20090202,2009-02-02,2009,1,2,February,6,2,1,Monday,0
20090203,2009-02-03,2009,1,2,February,6,3,2,Tuesday,0
20090204,2009-02-04,2009,1,2,February,6,4,3,Wednesday,0
20090205,2009-02-05,2009,1,2,February,6,5,4,Thursday,0
20090206,2009-02-06,2009,1,2,February,6,6,5,Friday,0
20090207,2009-02-07,2009,1,2,February,6,7,6,Saturday,1
20090208,2009-02-08,2009,1,2,February,6,8,7,Sunday,1
20090209,2009-02-09,2009,1,2,February,7,9,1,Monday,0
20090210,2009-02-10,2009,1,2,February,7,10,2,Tuesday,0
20090211,2009-02-11,2009,1,2,February,7,11,3,Wednesday,0
20090212,2009-02-12,2009,1,2,February,7,12,4,Thursday,0
20090213,2009-02-13,2009,1,2,February,7,13,5,Friday,0
20090214,2009-02-14,2009,1,2,February,7,14,6,Saturday,1
20090215,2009-02-15,2009,1,2,February,7,15,7,Sunday,1
20090216,2009-02-16,2009,1,2,February,8,16,1,Monday,0
20090217,2009-02-17,2009,1,2,February,8,17,2,Tuesday,0
20090218,2009-02-18,2009,1,2,February,8,18,3,Wednesday,0
20090219,2009-02-19,2009,1,2,February,8,19,4,Thursday,0
20090220,2009-02-20,2009,1,2,February,8,20,5,Friday,0
20090221,2009-02-21,2009,1,2,February,8,21,6,Saturday,1
20090222,2009-02-22,2009,1,2,February,8,22,7,Sunday,1
20090223,2009-02-23,2009,1,2,February,9,23,1,Monday,0
20090224,2009-02-24,2009,1,2,February,9,24,2,Tuesday,0
20090225,2009-02-25,2009,1,2,February,9,25,3,Wednesday,0
20090226,2009-02-26,2009,1,2,February,9,26,4,Thursday,0
20090227,2009-02-27,2009,1,2,February,9,27,5,Friday,0
20090228,2009-02-28,2009,1,2,February,9,28,6,Saturday,1
20090301,2009-03-01,2009,1,3,March,9,1,7,Sunday,1
20090302,2009-03-02,2009,1,3,March,10,2,1,Monday,0
20090303,2009-03-03,2009,1,3,March,10,3,2,Tuesday,0
20090304,2009-03-04,2009,1,3,March,10,4,3,Wednesday,0
20090305,2009-03-05,2009,1,3,March,10,5,4,Thursday,0
20090306,2009-03-06,2009,1,3,March,10,6,5,Friday,0
20090307,2009-03-07,2009,1,3,March,10,7,6,Saturday,1
20090308,2009-03-08,2009,1,3,March,10,8,7,Sunday,1
20090309,2009-03-09,2009,1,3,March,11,9,1,Monday,0
20090310,2009-03-10,2009,1,3,March,11,10,2,Tuesday,0
20090311,2009-03-11,2009,1,3,March,11,11,3,Wednesday,0
20090312,2009-03-12,2009,1,3,March,11,12,4,Thursday,0
20090313,2009-03-13,2009,1,3,March,11,13,5,Friday,0
20090314,2009-03-14,2009,1,3,March,11,14,6,Saturday,1
20090315,2009-03-15,2009,1,3,March,11,15,7,Sunday,1
20090316,2009-03-16,2009,1,3,March,12,16,1,Monday,0
20090317,2009-03-17,2009,1,3,March,12,17,2,Tuesday,0
20090318,2009-03-18,2009,1,3,March,12,18,3,Wednesday,0
20090319,2009-03-19,2009,1,3,March,12,19,4,Thursday,0
20090320,2009-03-20,2009,1,3,March,12,20,5,Friday,0
20090321,2009-03-21,2009,1,3,March,12,21,6,Saturday,1
20090322,2009-03-22,2009,1,3,March,12,22,7,Sunday,1
20090323,2009-03-23,2009,1,3,March,13,23,1,Monday,0
20090324,2009-03-24,2009,1,3,March,13,24,2,Tuesday,0
20090325,2009-03-25,2009,1,3,March,13,25,3,Wednesday,0
20090326,2009-03-26,2009,1,3,March,13,26,4,Thursday,0
20090327,2009-03-27,2009,1,3,March,13,27,5,Friday,0
20090328,2009-03-28,2009,1,3,March,13,28,6,Saturday,1
20090329,2009-03-29,2009,1,3,March,13,29,7,Sunday,1
20090330,2009-03-30,2009,1,3,March,14,30,1,Monday,0
20090331,2009-03-31,2009,1,3,March,14,31,2,Tuesday,0
20090401,2009-04-01,2009,2,4,April,14,1,3,Wednesday,0
20090402,2009-04-02,2009,2,4,April,14,2,4,Thursday,0
20090403,2009-04-03,2009,2,4,April,14,3,5,Friday,0
20090404,2009-04-04,2009,2,4,April,14,4,6,Saturday,1
20090405,2009-04-05,2009,2,4,April,14,5,7,Sunday,1
20090406,2009-04-06,2009,2,4,April,15,6,1,Monday,0
20090407,2009-04-07,2009,2,4,April,15,7,2,Tuesday,0
20090408,2009-04-08,2009,2,4,April,15,8,3,Wednesday,0
20090409,2009-04-09,2009,2,4,April,15,9,4,Thursday,0
20090410,2009-04-10,2009,2,4,April,15,10,5,Friday,0
20090411,2009-04-11,2009,2,4,April,15,11,6,Saturday,1
20090412,2009-04-12,2009,2,4,April,15,12,7,Sunday,1
20090413,2009-04-13,2009,2,4,April,16,13,1,Monday,0
20090414,2009-04-14,2009,2,4,April,16,14,2,Tuesday,0
20090415,2009-04-15,2009,2,4,April,16,15,3,Wednesday,0
20090416,2009-04-16,2009,2,4,April,16,16,4,Thursday,0
20090417,2009-04-17,2009,2,4,April,16,17,5,Friday,0
20090418,2009-04-18,2009,2,4,April,16,18,6,Saturday,1
20090419,2009-04-19,2009,2,4,April,16,19,7,Sunday,1
20090420,2009-04-20,2009,2,4,April,17,20,1,Monday,0
20090421,2009-04-21,2009,2,4,April,17,21,2,Tuesday,0
20090422,2009-04-22,2009,2,4,April,17,22,3,Wednesday,0
20090423,2009-04-23,2009,2,4,April,17,23,4,Thursday,0
20090424,2009-04-24,2009,2,4,April,17,24,5,Friday,0
20090425,2009-04-25,2009,2,4,April,17,25,6,Saturday,1
20090426,2009-04-26,2009,2,4,April,17,26,7,Sunday,1
20090427,2009-04-27,2009,2,4,April,18,27,1,Monday,0
20090428,2009-04-28,2009,2,4,April,18,28,2,Tuesday,0
20090429,2009-04-29,2009,2,4,April,18,29,3,Wednesday,0
20090430,2009-04-30,2009,2,4,April,18,30,4,Thursday,0
20090501,2009-05-01,2009,2,5,May,18,1,5,Friday,0
20090502,2009-05-02,2009,2,5,May,18,2,6,Saturday,1
20090503,2009-05-03,2009,2,5,May,18,3,7,Sunday,1
20090504,2009-05-04,2009,2,5,May,19,4,1,Monday,0
20090505,2009-05-05,2009,2,5,May,19,5,2,Tuesday,0
20090506,2009-05-06,2009,2,5,May,19,6,3,Wednesday,0
20090507,2009-05-07,2009,2,5,May,19,7,4,Thursday,0
20090508,2009-05-08,2009,2,5,May,19,8,5,Friday,0
20090509,2009-05-09,2009,2,5,May,19,9,6,Saturday,1
20090510,2009-05-10,2009,2,5,May,19,10,7,Sunday,1
20090511,2009-05-11,2009,2,5,May,20,11,1,Monday,0
20090512,2009-05-12,2009,2,5,May,20,12,2,Tuesday,0
20090513,2009-05-13,2009,2,5,May,20,13,3,Wednesday,0
20090514,2009-05-14,2009,2,5,May,20,14,4,Thursday,0
20090515,2009-05-15,2009,2,5,May,20,15,5,Friday,0
20090516,2009-05-16,2009,2,5,May,20,16,6,Saturday,1
20090517,2009-05-17,2009,2,5,May,20,17,7,Sunday,1
20090518,2009-05-18,2009,2,5,May,21,18,1,Monday,0
20090519,2009-05-19,2009,2,5,May,21,19,2,Tuesday,0
20090520,2009-05-20,2009,2,5,May,21,20,3,Wednesday,0
20090521,2009-05-21,2009,2,5,May,21,21,4,Thursday,0
20090522,2009-05-22,2009,2,5,May,21,22,5,Friday,0
20090523,2009-05-23,2009,2,5,May,21,23,6,Saturday,1
20090524,2009-05-24,2009,2,5,May,21,24,7,Sunday,1
20090525,2009-05-25,2009,2,5,May,22,25,1,Monday,0
20090526,2009-05-26,2009,2,5,May,22,26,2,Tuesday,0
20090527,2009-05-27,2009,2,5,May,22,27,3,Wednesday,0
20090528,2009-05-28,2009,2,5,May,22,28,4,Thursday,0
20090529,2009-05-29,2009,2,5,May,22,29,5,Friday,0
20090530,2009-05-30,2009,2,5,May,22,30,6,Saturday,1
20090531,2009-05-31,2009,2,5,May,22,31,7,Sunday,1
20090601,2009-06-01,2009,2,6,June,23,1,1,Monday,0
20090602,2009-06-02,2009,2,6,June,23,2,2,Tuesday,0
20090603,2009-06-03,2009,2,6,June,23,3,3,Wednesday,0
20090604,2009-06-04,2009,2,6,June,23,4,4,Thursday,0
20090605,2009-06-05,2009,2,6,June,23,5,5,Friday,0
20090606,2009-06-06,2009,2,6,June,23,6,6,Saturday,1
20090607,2009-06-07,2009,2,6,June,23,7,7,Sunday,1
20090608,2009-06-08,2009,2,6,June,24,8,1,Monday,0
20090609,2009-06-09,2009,2,6,June,24,9,2,Tuesday,0
20090610,2009-06-10,2009,2,6,June,24,10,3,Wednesday,0
20090611,2009-06-11,2009,2,6,June,24,11,4,Thursday,0
20090612,2009-06-12,2009,2,6,June,24,12,5,Friday,0
20090613,2009-06-13,2009,2,6,June,24,13,6,Saturday,1
20090614,2009-06-14,2009,2,6,June,24,14,7,Sunday,1
20090615,2009-06-15,2009,2,6,June,25,15,1,Monday,0
20090616,2009-06-16,2009,2,6,June,25,16,2,Tuesday,0
20090617,2009-06-17,2009,2,6,June,25,17,3,Wednesday,0
20090618,2009-06-18,2009,2,6,June,25,18,4,Thursday,0
20090619,2009-06-19,2009,2,6,June,25,19,5,Friday,0
20090620,2009-06-20,2009,2,6,June,25,20,6,Saturday,1
20090621,2009-06-21,2009,2,6,June,25,21,7,Sunday,1
20090622,2009-06-22,2009,2,6,June,26,22,1,Monday,0
20090623,2009-06-23,2009,2,6,June,26,23,2,Tuesday,0
20090624,2009-06-24,2009,2,6,June,26,24,3,Wednesday,0
20090625,2009-06-25,2009,2,6,June,26,25,4,Thursday,0
20090626,2009-06-26,2009,2,6,June,26,26,5,Friday,0
20090627,2009-06-27,2009,2,6,June,26,27,6,Saturday,1
20090628,2009-06-28,2009,2,6,June,26,28,7,Sunday,1
20090629,2009-06-29,2009,2,6,June,27,29,1,Monday,0
20090630,2009-06-30,2009,2,6,June,27,30,2,Tuesday,0
20090701,2009-07-01,2009,3,7,July,27,1,3,Wednesday,0
20090702,2009-07-02,2009,3,7,July,27,2,4,Thursday,0
20090703,2009-07-03,2009,3,7,July,27,3,5,Friday,0
20090704,2009-07-04,2009,3,7,July,27,4,6,Saturday,1
20090705,2009-07-05,2009,3,7,July,27,5,7,Sunday,1
20090706,2009-07-06,2009,3,7,July,28,6,1,Monday,0
20090707,2009-07-07,2009,3,7,July,28,7,2,Tuesday,0
20090708,2009-07-08,2009,3,7,July,28,8,3,Wednesday,0
20090709,2009-07-09,2009,3,7,July,28,9,4,Thursday,0
20090710,2009-07-10,2009,3,7,July,28,10,5,Friday,0
20090711,2009-07-11,2009,3,7,July,28,11,6,Saturday,1
20090712,2009-07-12,2009,3,7,July,28,12,7,Sunday,1
20090713,2009-07-13,2009,3,7,July,29,13,1,Monday,0
20090714,2009-07-14,2009,3,7,July,29,14,2,Tuesday,0
20090715,2009-07-15,2009,3,7,July,29,15,3,Wednesday,0
20090716,2009-07-16,2009,3,7,July,29,16,4,Thursday,0
20090717,2009-07-17,2009,3,7,July,29,17,5,Friday,0
20090718,2009-07-18,2009,3,7,July,29,18,6,Saturday,1
20090719,2009-07-19,2009,3,7,July,29,19,7,Sunday,1
20090720,2009-07-20,2009,3,7,July,30,20,1,Monday,0
20090721,2009-07-21,2009,3,7,July,30,21,2,Tuesday,0
20090722,2009-07-22,2009,3,7,July,30,22,3,Wednesday,0
20090723,2009-07-23,2009,3,7,July,30,23,4,Thursday,0
20090724,2009-07-24,2009,3,7,July,30,24,5,Friday,0
20090725,2009-07-25,2009,3,7,July,30,25,6,Saturday,1
20090726,2009-07-26,2009,3,7,July,30,26,7,Sunday,1
20090727,2009-07-27,2009,3,7,July,31,27,1,Monday,0
20090728,2009-07-28,2009,3,7,July,31,28,2,Tuesday,0
20090729,2009-07-29,2009,3,7,July,31,29,3,Wednesday,0
20090730,2009-07-30,2009,3,7,July,31,30,4,Thursday,0
20090731,2009-07-31,2009,3,7,July,31,31,5,Friday,0
20090801,2009-08-01,2009,3,8,August,31,1,6,Saturday,1
20090802,2009-08-02,2009,3,8,August,31,2,7,Sunday,1
20090803,2009-08-03,2009,3,8,August,32,3,1,Monday,0
20090804,2009-08-04,2009,3,8,August,32,4,2,Tuesday,0
20090805,2009-08-05,2009,3,8,August,32,5,3,Wednesday,0
20090806,2009-08-06,2009,3,8,August,32,6,4,Thursday,0
20090807,2009-08-07,2009,3,8,August,32,7,5,Friday,0
20090808,2009-08-08,2009,3,8,August,32,8,6,Saturday,1
20090809,2009-08-09,2009,3,8,August,32,9,7,Sunday,1
20090810,2009-08-10,2009,3,8,August,33,10,1,Monday,0
20090811,2009-08-11,2009,3,8,August,33,11,2,Tuesday,0
20090812,2009-08-12,2009,3,8,August,33,12,3,Wednesday,0
20090813,2009-08-13,2009,3,8,August,33,13,4,Thursday,0
20090814,2009-08-14,2009,3,8,August,33,14,5,Friday,0
20090815,2009-08-15,2009,3,8,August,33,15,6,Saturday,1
20090816,2009-08-16,2009,3,8,August,33,16,7,Sunday,1
20090817,2009-08-17,2009,3,8,August,34,17,1,Monday,0
20090818,2009-08-18,2009,3,8,August,34,18,2,Tuesday,0
20090819,2009-08-19,2009,3,8,August,34,19,3,Wednesday,0
20090820,2009-08-20,2009,3,8,August,34,20,4,Thursday,0
20090821,2009-08-21,2009,3,8,August,34,21,5,Friday,0
20090822,2009-08-22,2009,3,8,August,34,22,6,Saturday,1
20090823,2009-08-23,2009,3,8,August,34,23,7,Sunday,1
20090824,2009-08-24,2009,3,8,August,35,24,1,Monday,0
20090825,2009-08-25,2009,3,8,August,35,25,2,Tuesday,0
20090826,2009-08-26,2009,3,8,August,35,26,3,Wednesday,0
20090827,2009-08-27,2009,3,8,August,35,27,4,Thursday,0
20090828,2009-08-28,2009,3,8,August,35,28,5,Friday,0
20090829,2009-08-29,2009,3,8,August,35,29,6,Saturday,1
20090830,2009-08-30,2009,3,8,August,35,30,7,Sunday,1
20090831,2009-08-31,2009,3,8,August,36,31,1,Monday,0
20090901,2009-09-01,2009,3,9,September,36,1,2,Tuesday,0
20090902,2009-09-02,2009,3,9,September,36,2,3,Wednesday,0
20090903,2009-09-03,2009,3,9,September,36,3,4,Thursday,0
20090904,2009-09-04,2009,3,9,September,36,4,5,Friday,0
20090905,2009-09-05,2009,3,9,September,36,5,6,Saturday,1
20090906,2009-09-06,2009,3,9,September,36,6,7,Sunday,1
20090907,2009-09-07,2009,3,9,September,37,7,1,Monday,0
20090908,2009-09-08,2009,3,9,September,37,8,2,Tuesday,0
20090909,2009-09-09,2009,3,9,September,37,9,3,Wednesday,0
20090910,2009-09-10,2009,3,9,September,37,10,4,Thursday,0
20090911,2009-09-11,2009,3,9,September,37,11,5,Friday,0
20090912,2009-09-12,2009,3,9,September,37,12,6,Saturday,1
20090913,2009-09-13,2009,3,9,September,37,13,7,Sunday,1
20090914,2009-09-14,2009,3,9,September,38,14,1,Monday,0
20090915,2009-09-15,2009,3,9,September,38,15,2,Tuesday,0
20090916,2009-09-16,2009,3,9,September,38,16,3,Wednesday,0
20090917,2009-09-17,2009,3,9,September,38,17,4,Thursday,0
20090918,2009-09-18,2009,3,9,September,38,18,5,Friday,0
20090919,2009-09-19,2009,3,9,September,38,19,6,Saturday,1
20090920,2009-09-20,2009,3,9,September,38,20,7,Sunday,1
20090921,2009-09-21,2009,3,9,September,39,21,1,Monday,0
20090922,2009-09-22,2009,3,9,September,39,22,2,Tuesday,0
20090923,2009-09-23,2009,3,9,September,39,23,3,Wednesday,0
20090924,2009-09-24,2009,3,9,September,39,24,4,Thursday,0
20090925,2009-09-25,2009,3,9,September,39,25,5,Friday,0
20090926,2009-09-26,2009,3,9,September,39,26,6,Saturday,1
20090927,2009-09-27,2009,3,9,September,39,27,7,Sunday,1
20090928,2009-09-28,2009,3,9,September,40,28,1,Monday,0
20090929,2009-09-29,2009,3,9,September,40,29,2,Tuesday,0
20090930,2009-09-30,2009,3,9,September,40,30,3,Wednesday,0
20091001,2009-10-01,2009,4,10,October,40,1,4,Thursday,0
20091002,2009-10-02,2009,4,10,October,40,2,5,Friday,0
20091003,2009-10-03,2009,4,10,October,40,3,6,Saturday,1
20091004,2009-10-04,2009,4,10,October,40,4,7,Sunday,1
20091005,2009-10-05,2009,4,10,October,41,5,1,Monday,0
20091006,2009-10-06,2009,4,10,October,41,6,2,Tuesday,0
20091007,2009-10-07,2009,4,10,October,41,7,3,Wednesday,0
20091008,2009-10-08,2009,4,10,October,41,8,4,Thursday,0
20091009,2009-10-09,2009,4,10,October,41,9,5,Friday,0
20091010,2009-10-10,2009,4,10,October,41,10,6,Saturday,1
20091011,2009-10-11,2009,4,10,October,41,11,7,Sunday,1
20091012,2009-10-12,2009,4,10,October,42,12,1,Monday,0
20091013,2009-10-13,2009,4,10,October,42,13,2,Tuesday,0
20091014,2009-10-14,2009,4,10,October,42,14,3,Wednesday,0
20091015,2009-10-15,2009,4,10,October,42,15,4,Thursday,0
20091016,2009-10-16,2009,4,10,October,42,16,5,Friday,0
20091017,2009-10-17,2009,4,10,October,42,17,6,Saturday,1
20091018,2009-10-18,2009,4,10,October,42,18,7,Sunday,1
20091019,2009-10-19,2009,4,10,October,43,19,1,Monday,0
20091020,2009-10-20,2009,4,10,October,43,20,2,Tuesday,0
20091021,2009-10-21,2009,4,10,October,43,21,3,Wednesday,0
20091022,2009-10-22,2009,4,10,October,43,22,4,Thursday,0
20091023,2009-10-23,2009,4,10,October,43,23,5,Friday,0
20091024,2009-10-24,2009,4,10,October,43,24,6,Saturday,1
20091025,2009-10-25,2009,4,10,October,43,25,7,Sunday,1
20091026,2009-10-26,2009,4,10,October,44,26,1,Monday,0
20091027,2009-10-27,2009,4,10,October,44,27,2,Tuesday,0
20091028,2009-10-28,2009,4,10,October,44,28,3,Wednesday,0
20091029,2009-10-29,2009,4,10,October,44,29,4,Thursday,0
20091030,2009-10-30,2009,4,10,October,44,30,5,Friday,0
20091031,2009-10-31,2009,4,10,October,44,31,6,Saturday,1
20091101,2009-11-01,2009,4,11,November,44,1,7,Sunday,1
20091102,2009-11-02,2009,4,11,November,45,2,1,Monday,0
20091103,2009-11-03,2009,4,11,November,45,3,2,Tuesday,0
20091104,2009-11-04,2009,4,11,November,45,4,3,Wednesday,0
20091105,2009-11-05,2009,4,11,November,45,5,4,Thursday,0
20091106,2009-11-06,2009,4,11,November,45,6,5,Friday,0
20091107,2009-11-07,2009,4,11,November,45,7,6,Saturday,1
20091108,2009-11-08,2009,4,11,November,45,8,7,Sunday,1
20091109,2009-11-09,2009,4,11,November,46,9,1,Monday,0
20091110,2009-11-10,2009,4,11,November,46,10,2,Tuesday,0
20091111,2009-11-11,2009,4,11,November,46,11,3,Wednesday,0
20091112,2009-11-12,2009,4,11,November,46,12,4,Thursday,0
20091113,2009-11-13,2009,4,11,November,46,13,5,Friday,0
20091114,2009-11-14,2009,4,11,November,46,14,6,Saturday,1
20091115,2009-11-15,2009,4,11,November,46,15,7,Sunday,1
20091116,2009-11-16,2009,4,11,November,47,16,1,Monday,0
20091117,2009-11-17,2009,4,11,November,47,17,2,Tuesday,0
20091118,2009-11-18,2009,4,11,November,47,18,3,Wednesday,0
20091119,2009-11-19,2009,4,11,November,47,19,4,Thursday,0
20091120,2009-11-20,2009,4,11,November,47,20,5,Friday,0
20091121,2009-11-21,2009,4,11,November,47,21,6,Saturday,1
20091122,2009-11-22,2009,4,11,November,47,22,7,Sunday,1
20091123,2009-11-23,2009,4,11,November,48,23,1,Monday,0
20091124,2009-11-24,2009,4,11,November,48,24,2,Tuesday,0
20091125,2009-11-25,2009,4,11,November,48,25,3,Wednesday,0
20091126,2009-11-26,2009,4,11,November,48,26,4,Thursday,0
20091127,2009-11-27,2009,4,11,November,48,27,5,Friday,0
20091128,2009-11-28,2009,4,11,November,48,28,6,Saturday,1
20091129,2009-11-29,2009,4,11,November,48,29,7,Sunday,1
20091130,2009-11-30,2009,4,11,November,49,30,1,Monday,0
20091201,2009-12-01,2009,4,12,December,49,1,2,Tuesday,0
20091202,2009-12-02,2009,4,12,December,49,2,3,Wednesday,0
20091203,2009-12-03,2009,4,12,December,49,3,4,Thursday,0
20091204,2009-12-04,2009,4,12,December,49,4,5,Friday,0
20091205,2009-12-05,2009,4,12,December,49,5,6,Saturday,1
20091206,2009-12-06,2009,4,12,December,49,6,7,Sunday,1
20091207,2009-12-07,2009,4,12,December,50,7,1,Monday,0
20091208,2009-12-08,2009,4,12,December,50,8,2,Tuesday,0
20091209,2009-12-09,2009,4,12,December,50,9,3,Wednesday,0
20091210,2009-12-10,2009,4,12,December,50,10,4,Thursday,0
20091211,2009-12-11,2009,4,12,December,50,11,5,Friday,0
20091212,2009-12-12,2009,4,12,December,50,12,6,Saturday,1
20091213,2009-12-13,2009,4,12,December,50,13,7,Sunday,1
20091214,2009-12-14,2009,4,12,December,51,14,1,Monday,0
20091215,2009-12-15,2009,4,12,December,51,15,2,Tuesday,0
20091216,2009-12-16,2009,4,12,December,51,16,3,Wednesday,0
20091217,2009-12-17,2009,4,12,December,51,17,4,Thursday,0
20091218,2009-12-18,2009,4,12,December,51,18,5,Friday,0
20091219,2009-12-19,2009,4,12,December,51,19,6,Saturday,1
20091220,2009-12-20,2009,4,12,December,51,20,7,Sunday,1
20091221,2009-12-21,2009,4,12,December,52,21,1,Monday,0
20091222,2009-12-22,2009,4,12,December,52,22,2,Tuesday,0
20091223,2009-12-23,2009,4,12,December,52,23,3,Wednesday,0
20091224,2009-12-24,2009,4,12,December,52,24,4,Thursday,0
20091225,2009-12-25,2009,4,12,December,52,25,5,Friday,0
20091226,2009-12-26,2009,4,12,December,52,26,6,Saturday,1
20091227,2009-12-27,2009,4,12,December,52,27,7,Sunday,1
20091228,2009-12-28,2009,4,12,December,53,28,1,Monday,0
20091229,2009-12-29,2009,4,12,December,53,29,2,Tuesday,0
20091230,2009-12-30,2009,4,12,December,53,30,3,Wednesday,0
20091231,2009-12-31,2009,4,12,December,53,31,4,Thursday,0
20100101,2010-01-01,2010,1,1,January,53,1,5,Friday,0
20100102,2010-01-02,2010,1,1,January,53,2,6,Saturday,1
20100103,2010-01-03,2010,1,1,January,53,3,7,Sunday,1
20100104,2010-01-04,2010,1,1,January,1,4,1,Monday,0
20100105,2010-01-05,2010,1,1,January,1,5,2,Tuesday,0
20100106,2010-01-06,2010,1,1,January,1,6,3,Wednesday,0
20100107,2010-01-07,2010,1,1,January,1,7,4,Thursday,0
20100108,2010-01-08,2010,1,1,January,1,8,5,Friday,0
20100109,2010-01-09,2010,1,1,January,1,9,6,Saturday,1
20100110,2010-01-10,2010,1,1,January,1,10,7,Sunday,1
20100111,2010-01-11,2010,1,1,January,2,11,1,Monday,0
20100112,2010-01-12,2010,1,1,January,2,12,2,Tuesday,0
20100113,2010-01-13,2010,1,1,January,2,13,3,Wednesday,0
20100114,2010-01-14,2010,1,1,January,2,14,4,Thursday,0
20100115,2010-01-15,2010,1,1,January,2,15,5,Friday,0
20100116,2010-01-16,2010,1,1,January,2,16,6,Saturday,1
20100117,2010-01-17,2010,1,1,January,2,17,7,Sunday,1
20100118,2010-01-18,2010,1,1,January,3,18,1,Monday,0
20100119,2010-01-19,2010,1,1,January,3,19,2,Tuesday,0
20100120,2010-01-20,2010,1,1,January,3,20,3,Wednesday,0
20100121,2010-01-21,2010,1,1,January,3,21,4,Thursday,0
20100122,2010-01-22,2010,1,1,January,3,22,5,Friday,0
20100123,2010-01-23,2010,1,1,January,3,23,6,Saturday,1
20100124,2010-01-24,2010,1,1,January,3,24,7,Sunday,1
20100125,2010-01-25,2010,1,1,January,4,25,1,Monday,0
20100126,2010-01-26,2010,1,1,January,4,26,2,Tuesday,0
20100127,2010-01-27,2010,1,1,January,4,27,3,Wednesday,0
20100128,2010-01-28,2010,1,1,January,4,28,4,Thursday,0
20100129,2010-01-29,2010,1,1,January,4,29,5,Friday,0
20100130,2010-01-30,2010,1,1,January,4,30,6,Saturday,1
20100131,2010-01-31,2010,1,1,January,4,31,7,Sunday,1
20100201,2010-02-01,2010,1,2,February,5,1,1,Monday,0
20100202,2010-02-02,2010,1,2,February,5,2,2,Tuesday,0
20100203,2010-02-03,2010,1,2,February,5,3,3,Wednesday,0
20100204,2010-02-04,2010,1,2,February,5,4,4,Thursday,0
20100205,2010-02-05,2010,1,2,February,5,5,5,Friday,0
20100206,2010-02-06,2010,1,2,February,5,6,6,Saturday,1
20100207,2010-02-07,2010,1,2,February,5,7,7,Sunday,1
20100208,2010-02-08,2010,1,2,February,6,8,1,Monday,0
20100209,2010-02-09,2010,1,2,February,6,9,2,Tuesday,0
20100210,2010-02-10,2010,1,2,February,6,10,3,Wednesday,0
20100211,2010-02-11,2010,1,2,February,6,11,4,Thursday,0
20100212,2010-02-12,2010,1,2,February,6,12,5,Friday,0
20100213,2010-02-13,2010,1,2,February,6,13,6,Saturday,1
20100214,2010-02-14,2010,1,2,February,6,14,7,Sunday,1
20100215,2010-02-15,2010,1,2,February,7,15,1,Monday,0
20100216,2010-02-16,2010,1,2,February,7,16,2,Tuesday,0
20100217,2010-02-17,2010,1,2,February,7,17,3,Wednesday,0
20100218,2010-02-18,2010,1,2,February,7,18,4,Thursday,0
20100219,2010-02-19,2010,1,2,February,7,19,5,Friday,0
20100220,2010-02-20,2010,1,2,February,7,20,6,Saturday,1
20100221,2010-02-21,2010,1,2,February,7,21,7,Sunday,1
20100222,2010-02-22,2010,1,2,February,8,22,1,Monday,0
20100223,2010-02-23,2010,1,2,February,8,23,2,Tuesday,0
20100224,2010-02-24,2010,1,2,February,8,24,3,Wednesday,0
20100225,2010-02-25,2010,1,2,February,8,25,4,Thursday,0
20100226,2010-02-26,2010,1,2,February,8,26,5,Friday,0
20100227,2010-02-27,2010,1,2,February,8,27,6,Saturday,1
20100228,2010-02-28,2010,1,2,February,8,28,7,Sunday,1
20100301,2010-03-01,2010,1,3,March,9,1,1,Monday,0
20100302,2010-03-02,2010,1,3,March,9,2,2,Tuesday,0
20100303,2010-03-03,2010,1,3,March,9,3,3,Wednesday,0
20100304,2010-03-04,2010,1,3,March,9,4,4,Thursday,0
20100305,2010-03-05,2010,1,3,March,9,5,5,Friday,0
20100306,2010-03-06,2010,1,3,March,9,6,6,Saturday,1
20100307,2010-03-07,2010,1,3,March,9,7,7,Sunday,1
20100308,2010-03-08,2010,1,3,March,10,8,1,Monday,0
20100309,2010-03-09,2010,1,3,March,10,9,2,Tuesday,0
20100310,2010-03-10,2010,1,3,March,10,10,3,Wednesday,0
20100311,2010-03-11,2010,1,3,March,10,11,4,Thursday,0
20100312,2010-03-12,2010,1,3,March,10,12,5,Friday,0
20100313,2010-03-13,2010,1,3,March,10,13,6,Saturday,1
20100314,2010-03-14,2010,1,3,March,10,14,7,Sunday,1
20100315,2010-03-15,2010,1,3,March,11,15,1,Monday,0
20100316,2010-03-16,2010,1,3,March,11,16,2,Tuesday,0
20100317,2010-03-17,2010,1,3,March,11,17,3,Wednesday,0
20100318,2010-03-18,2010,1,3,March,11,18,4,Thursday,0
20100319,2010-03-19,2010,1,3,March,11,19,5,Friday,0
20100320,2010-03-20,2010,1,3,March,11,20,6,Saturday,1
20100321,2010-03-21,2010,1,3,March,11,21,7,Sunday,1
20100322,2010-03-22,2010,1,3,March,12,22,1,Monday,0
20100323,2010-03-23,2010,1,3,March,12,23,2,Tuesday,0
20100324,2010-03-24,2010,1,3,March,12,24,3,Wednesday,0
20100325,2010-03-25,2010,1,3,March,12,25,4,Thursday,0
20100326,2010-03-26,2010,1,3,March,12,26,5,Friday,0
20100327,2010-03-27,2010,1,3,March,12,27,6,Saturday,1
20100328,2010-03-28,2010,1,3,March,12,28,7,Sunday,1
20100329,2010-03-29,2010,1,3,March,13,29,1,Monday,0
20100330,2010-03-30,2010,1,3,March,13,30,2,Tuesday,0
20100331,2010-03-31,2010,1,3,March,13,31,3,Wednesday,0
20100401,2010-04-01,2010,2,4,April,13,1,4,Thursday,0
20100402,2010-04-02,2010,2,4,April,13,2,5,Friday,0
20100403,2010-04-03,2010,2,4,April,13,3,6,Saturday,1
20100404,2010-04-04,2010,2,4,April,13,4,7,Sunday,1
20100405,2010-04-05,2010,2,4,April,14,5,1,Monday,0
20100406,2010-04-06,2010,2,4,April,14,6,2,Tuesday,0
20100407,2010-04-07,2010,2,4,April,14,7,3,Wednesday,0
20100408,2010-04-08,2010,2,4,April,14,8,4,Thursday,0
20100409,2010-04-09,2010,2,4,April,14,9,5,Friday,0
20100410,2010-04-10,2010,2,4,April,14,10,6,Saturday,1
20100411,2010-04-11,2010,2,4,April,14,11,7,Sunday,1
20100412,2010-04-12,2010,2,4,April,15,12,1,Monday,0
20100413,2010-04-13,2010,2,4,April,15,13,2,Tuesday,0
20100414,2010-04-14,2010,2,4,April,15,14,3,Wednesday,0
20100415,2010-04-15,2010,2,4,April,15,15,4,Thursday,0
20100416,2010-04-16,2010,2,4,April,15,16,5,Friday,0
20100417,2010-04-17,2010,2,4,April,15,17,6,Saturday,1
20100418,2010-04-18,2010,2,4,April,15,18,7,Sunday,1
20100419,2010-04-19,2010,2,4,April,16,19,1,Monday,0
20100420,2010-04-20,2010,2,4,April,16,20,2,Tuesday,0
20100421,2010-04-21,2010,2,4,April,16,21,3,Wednesday,0
20100422,2010-04-22,2010,2,4,April,16,22,4,Thursday,0
20100423,2010-04-23,2010,2,4,April,16,23,5,Friday,0
20100424,2010-04-24,2010,2,4,April,16,24,6,Saturday,1
20100425,2010-04-25,2010,2,4,April,16,25,7,Sunday,1
20100426,2010-04-26,2010,2,4,April,17,26,1,Monday,0
20100427,2010-04-27,2010,2,4,April,17,27,2,Tuesday,0
20100428,2010-04-28,2010,2,4,April,17,28,3,Wednesday,0
20100429,2010-04-29,2010,2,4,April,17,29,4,Thursday,0
20100430,2010-04-30,2010,2,4,April,17,30,5,Friday,0
20100501,2010-05-01,2010,2,5,May,17,1,6,Saturday,1
20100502,2010-05-02,2010,2,5,May,17,2,7,Sunday,1
20100503,2010-05-03,2010,2,5,May,18,3,1,Monday,0
20100504,2010-05-04,2010,2,5,May,18,4,2,Tuesday,0
20100505,2010-05-05,2010,2,5,May,18,5,3,Wednesday,0
20100506,2010-05-06,2010,2,5,May,18,6,4,Thursday,0
20100507,2010-05-07,2010,2,5,May,18,7,5,Friday,0
20100508,2010-05-08,2010,2,5,May,18,8,6,Saturday,1
20100509,2010-05-09,2010,2,5,May,18,9,7,Sunday,1
20100510,2010-05-10,2010,2,5,May,19,10,1,Monday,0
20100511,2010-05-11,2010,2,5,May,19,11,2,Tuesday,0
20100512,2010-05-12,2010,2,5,May,19,12,3,Wednesday,0
20100513,2010-05-13,2010,2,5,May,19,13,4,Thursday,0
20100514,2010-05-14,2010,2,5,May,19,14,5,Friday,0
20100515,2010-05-15,2010,2,5,May,19,15,6,Saturday,1
20100516,2010-05-16,2010,2,5,May,19,16,7,Sunday,1
20100517,2010-05-17,2010,2,5,May,20,17,1,Monday,0
20100518,2010-05-18,2010,2,5,May,20,18,2,Tuesday,0
20100519,2010-05-19,2010,2,5,May,20,19,3,Wednesday,0
20100520,2010-05-20,2010,2,5,May,20,20,4,Thursday,0
20100521,2010-05-21,2010,2,5,May,20,21,5,Friday,0
20100522,2010-05-22,2010,2,5,May,20,22,6,Saturday,1
20100523,2010-05-23,2010,2,5,May,20,23,7,Sunday,1
20100524,2010-05-24,2010,2,5,May,21,24,1,Monday,0
20100525,2010-05-25,2010,2,5,May,21,25,2,Tuesday,0
20100526,2010-05-26,2010,2,5,May,21,26,3,Wednesday,0
20100527,2010-05-27,2010,2,5,May,21,27,4,Thursday,0
20100528,2010-05-28,2010,2,5,May,21,28,5,Friday,0
20100529,2010-05-29,2010,2,5,May,21,29,6,Saturday,1
20100530,2010-05-30,2010,2,5,May,21,30,7,Sunday,1
20100531,2010-05-31,2010,2,5,May,22,31,1,Monday,0
20100601,2010-06-01,2010,2,6,June,22,1,2,Tuesday,0
20100602,2010-06-02,2010,2,6,June,22,2,3,Wednesday,0
20100603,2010-06-03,2010,2,6,June,22,3,4,Thursday,0
20100604,2010-06-04,2010,2,6,June,22,4,5,Friday,0
20100605,2010-06-05,2010,2,6,June,22,5,6,Saturday,1
20100606,2010-06-06,2010,2,6,June,22,6,7,Sunday,1
20100607,2010-06-07,2010,2,6,June,23,7,1,Monday,0
20100608,2010-06-08,2010,2,6,June,23,8,2,Tuesday,0
20100609,2010-06-09,2010,2,6,June,23,9,3,Wednesday,0
20100610,2010-06-10,2010,2,6,June,23,10,4,Thursday,0
20100611,2010-06-11,2010,2,6,June,23,11,5,Friday,0
20100612,2010-06-12,2010,2,6,June,23,12,6,Saturday,1
20100613,2010-06-13,2010,2,6,June,23,13,7,Sunday,1
20100614,2010-06-14,2010,2,6,June,24,14,1,Monday,0
20100615,2010-06-15,2010,2,6,June,24,15,2,Tuesday,0
20100616,2010-06-16,2010,2,6,June,24,16,3,Wednesday,0
20100617,2010-06-17,2010,2,6,June,24,17,4,Thursday,0
20100618,2010-06-18,2010,2,6,June,24,18,5,Friday,0
20100619,2010-06-19,2010,2,6,June,24,19,6,Saturday,1
20100620,2010-06-20,2010,2,6,June,24,20,7,Sunday,1
20100621,2010-06-21,2010,2,6,June,25,21,1,Monday,0
20100622,2010-06-22,2010,2,6,June,25,22,2,Tuesday,0
20100623,2010-06-23,2010,2,6,June,25,23,3,Wednesday,0
20100624,2010-06-24,2010,2,6,June,25,24,4,Thursday,0
20100625,2010-06-25,2010,2,6,June,25,25,5,Friday,0
20100626,2010-06-26,2010,2,6,June,25,26,6,Saturday,1
20100627,2010-06-27,2010,2,6,June,25,27,7,Sunday,1
20100628,2010-06-28,2010,2,6,June,26,28,1,Monday,0
20100629,2010-06-29,2010,2,6,June,26,29,2,Tuesday,0
20100630,2010-06-30,2010,2,6,June,26,30,3,Wednesday,0
20100701,2010-07-01,2010,3,7,July,26,1,4,Thursday,0
20100702,2010-07-02,2010,3,7,July,26,2,5,Friday,0
20100703,2010-07-03,2010,3,7,July,26,3,6,Saturday,1
20100704,2010-07-04,2010,3,7,July,26,4,7,Sunday,1
20100705,2010-07-05,2010,3,7,July,27,5,1,Monday,0
20100706,2010-07-06,2010,3,7,July,27,6,2,Tuesday,0
20100707,2010-07-07,2010,3,7,July,27,7,3,Wednesday,0
20100708,2010-07-08,2010,3,7,July,27,8,4,Thursday,0
20100709,2010-07-09,2010,3,7,July,27,9,5,Friday,0
20100710,2010-07-10,2010,3,7,July,27,10,6,Saturday,1
20100711,2010-07-11,2010,3,7,July,27,11,7,Sunday,1
20100712,2010-07-12,2010,3,7,July,28,12,1,Monday,0
20100713,2010-07-13,2010,3,7,July,28,13,2,Tuesday,0
20100714,2010-07-14,2010,3,7,July,28,14,3,Wednesday,0
20100715,2010-07-15,2010,3,7,July,28,15,4,Thursday,0
20100716,2010-07-16,2010,3,7,July,28,16,5,Friday,0
20100717,2010-07-17,2010,3,7,July,28,17,6,Saturday,1
20100718,2010-07-18,2010,3,7,July,28,18,7,Sunday,1
20100719,2010-07-19,2010,3,7,July,29,19,1,Monday,0
20100720,2010-07-20,2010,3,7,July,29,20,2,Tuesday,0
20100721,2010-07-21,2010,3,7,July,29,21,3,Wednesday,0
20100722,2010-07-22,2010,3,7,July,29,22,4,Thursday,0
20100723,2010-07-23,2010,3,7,July,29,23,5,Friday,0
20100724,2010-07-24,2010,3,7,July,29,24,6,Saturday,1
20100725,2010-07-25,2010,3,7,July,29,25,7,Sunday,1
20100726,2010-07-26,2010,3,7,July,30,26,1,Monday,0
20100727,2010-07-27,2010,3,7,July,30,27,2,Tuesday,0
20100728,2010-07-28,2010,3,7,July,30,28,3,Wednesday,0
20100729,2010-07-29,2010,3,7,July,30,29,4,Thursday,0
20100730,2010-07-30,2010,3,7,July,30,30,5,Friday,0
20100731,2010-07-31,2010,3,7,July,30,31,6,Saturday,1
20100801,2010-08-01,2010,3,8,August,30,1,7,Sunday,1
20100802,2010-08-02,2010,3,8,August,31,2,1,Monday,0
20100803,2010-08-03,2010,3,8,August,31,3,2,Tuesday,0
20100804,2010-08-04,2010,3,8,August,31,4,3,Wednesday,0
20100805,2010-08-05,2010,3,8,August,31,5,4,Thursday,0
20100806,2010-08-06,2010,3,8,August,31,6,5,Friday,0
20100807,2010-08-07,2010,3,8,August,31,7,6,Saturday,1
20100808,2010-08-08,2010,3,8,August,31,8,7,Sunday,1
20100809,2010-08-09,2010,3,8,August,32,9,1,Monday,0
20100810,2010-08-10,2010,3,8,August,32,10,2,Tuesday,0
20100811,2010-08-11,2010,3,8,August,32,11,3,Wednesday,0
20100812,2010-08-12,2010,3,8,August,32,12,4,Thursday,0
20100813,2010-08-13,2010,3,8,August,32,13,5,Friday,0
20100814,2010-08-14,2010,3,8,August,32,14,6,Saturday,1
20100815,2010-08-15,2010,3,8,August,32,15,7,Sunday,1
20100816,2010-08-16,2010,3,8,August,33,16,1,Monday,0
20100817,2010-08-17,2010,3,8,August,33,17,2,Tuesday,0
20100818,2010-08-18,2010,3,8,August,33,18,3,Wednesday,0
20100819,2010-08-19,2010,3,8,August,33,19,4,Thursday,0
20100820,2010-08-20,2010,3,8,August,33,20,5,Friday,0
20100821,2010-08-21,2010,3,8,August,33,21,6,Saturday,1
20100822,2010-08-22,2010,3,8,August,33,22,7,Sunday,1
20100823,2010-08-23,2010,3,8,August,34,23,1,Monday,0
20100824,2010-08-24,2010,3,8,August,34,24,2,Tuesday,0
20100825,2010-08-25,2010,3,8,August,34,25,3,Wednesday,0
20100826,2010-08-26,2010,3,8,August,34,26,4,Thursday,0
20100827,2010-08-27,2010,3,8,August,34,27,5,Friday,0
20100828,2010-08-28,2010,3,8,August,34,28,6,Saturday,1
20100829,2010-08-29,2010,3,8,August,34,29,7,Sunday,1
20100830,2010-08-30,2010,3,8,August,35,30,1,Monday,0
20100831,2010-08-31,2010,3,8,August,35,31,2,Tuesday,0
20100901,2010-09-01,2010,3,9,September,35,1,3,Wednesday,0
20100902,2010-09-02,2010,3,9,September,35,2,4,Thursday,0
20100903,2010-09-03,2010,3,9,September,35,3,5,Friday,0
20100904,2010-09-04,2010,3,9,September,35,4,6,Saturday,1
20100905,2010-09-05,2010,3,9,September,35,5,7,Sunday,1
20100906,2010-09-06,2010,3,9,September,36,6,1,Monday,0
20100907,2010-09-07,2010,3,9,September,36,7,2,Tuesday,0
20100908,2010-09-08,2010,3,9,September,36,8,3,Wednesday,0
20100909,2010-09-09,2010,3,9,September,36,9,4,Thursday,0
20100910,2010-09-10,2010,3,9,September,36,10,5,Friday,0
20100911,2010-09-11,2010,3,9,September,36,11,6,Saturday,1
20100912,2010-09-12,2010,3,9,September,36,12,7,Sunday,1
20100913,2010-09-13,2010,3,9,September,37,13,1,Monday,0
20100914,2010-09-14,2010,3,9,September,37,14,2,Tuesday,0
20100915,2010-09-15,2010,3,9,September,37,15,3,Wednesday,0
20100916,2010-09-16,2010,3,9,September,37,16,4,Thursday,0
20100917,2010-09-17,2010,3,9,September,37,17,5,Friday,0
20100918,2010-09-18,2010,3,9,September,37,18,6,Saturday,1
20100919,2010-09-19,2010,3,9,September,37,19,7,Sunday,1
20100920,2010-09-20,2010,3,9,September,38,20,1,Monday,0
20100921,2010-09-21,2010,3,9,September,38,21,2,Tuesday,0
20100922,2010-09-22,2010,3,9,September,38,22,3,Wednesday,0
20100923,2010-09-23,2010,3,9,September,38,23,4,Thursday,0
20100924,2010-09-24,2010,3,9,September,38,24,5,Friday,0
20100925,2010-09-25,2010,3,9,September,38,25,6,Saturday,1
20100926,2010-09-26,2010,3,9,September,38,26,7,Sunday,1
20100927,2010-09-27,2010,3,9,September,39,27,1,Monday,0
20100928,2010-09-28,2010,3,9,September,39,28,2,Tuesday,0
20100929,2010-09-29,2010,3,9,September,39,29,3,Wednesday,0
20100930,2010-09-30,2010,3,9,September,39,30,4,Thursday,0
20101001,2010-10-01,2010,4,10,October,39,1,5,Friday,0
20101002,2010-10-02,2010,4,10,October,39,2,6,Saturday,1
20101003,2010-10-03,2010,4,10,October,39,3,7,Sunday,1
20101004,2010-10-04,2010,4,10,October,40,4,1,Monday,0
20101005,2010-10-05,2010,4,10,October,40,5,2,Tuesday,0
20101006,2010-10-06,2010,4,10,October,40,6,3,Wednesday,0
20101007,2010-10-07,2010,4,10,October,40,7,4,Thursday,0
20101008,2010-10-08,2010,4,10,October,40,8,5,Friday,0
20101009,2010-10-09,2010,4,10,October,40,9,6,Saturday,1
20101010,2010-10-10,2010,4,10,October,40,10,7,Sunday,1
20101011,2010-10-11,2010,4,10,October,41,11,1,Monday,0
20101012,2010-10-12,2010,4,10,October,41,12,2,Tuesday,0
20101013,2010-10-13,2010,4,10,October,41,13,3,Wednesday,0
20101014,2010-10-14,2010,4,10,October,41,14,4,Thursday,0
20101015,2010-10-15,2010,4,10,October,41,15,5,Friday,0
20101016,2010-10-16,2010,4,10,October,41,16,6,Saturday,1
20101017,2010-10-17,2010,4,10,October,41,17,7,Sunday,1
20101018,2010-10-18,2010,4,10,October,42,18,1,Monday,0
20101019,2010-10-19,2010,4,10,October,42,19,2,Tuesday,0
20101020,2010-10-20,2010,4,10,October,42,20,3,Wednesday,0
20101021,2010-10-21,2010,4,10,October,42,21,4,Thursday,0
20101022,2010-10-22,2010,4,10,October,42,22,5,Friday,0
20101023,2010-10-23,2010,4,10,October,42,23,6,Saturday,1
20101024,2010-10-24,2010,4,10,October,42,24,7,Sunday,1
20101025,2010-10-25,2010,4,10,October,43,25,1,Monday,0
20101026,2010-10-26,2010,4,10,October,43,26,2,Tuesday,0
20101027,2010-10-27,2010,4,10,October,43,27,3,Wednesday,0
20101028,2010-10-28,2010,4,10,October,43,28,4,Thursday,0
20101029,2010-10-29,2010,4,10,October,43,29,5,Friday,0
20101030,2010-10-30,2010,4,10,October,43,30,6,Saturday,1
20101031,2010-10-31,2010,4,10,October,43,31,7,Sunday,1
20101101,2010-11-01,2010,4,11,November,44,1,1,Monday,0
20101102,2010-11-02,2010,4,11,November,44,2,2,Tuesday,0
20101103,2010-11-03,2010,4,11,November,44,3,3,Wednesday,0
20101104,2010-11-04,2010,4,11,November,44,4,4,Thursday,0
20101105,2010-11-05,2010,4,11,November,44,5,5,Friday,0
20101106,2010-11-06,2010,4,11,November,44,6,6,Saturday,1
20101107,2010-11-07,2010,4,11,November,44,7,7,Sunday,1
20101108,2010-11-08,2010,4,11,November,45,8,1,Monday,0
20101109,2010-11-09,2010,4,11,November,45,9,2,Tuesday,0
20101110,2010-11-10,2010,4,11,November,45,10,3,Wednesday,0
20101111,2010-11-11,2010,4,11,November,45,11,4,Thursday,0
20101112,2010-11-12,2010,4,11,November,45,12,5,Friday,0
20101113,2010-11-13,2010,4,11,November,45,13,6,Saturday,1
20101114,2010-11-14,2010,4,11,November,45,14,7,Sunday,1
20101115,2010-11-15,2010,4,11,November,46,15,1,Monday,0
20101116,2010-11-16,2010,4,11,November,46,16,2,Tuesday,0
20101117,2010-11-17,2010,4,11,November,46,17,3,Wednesday,0
20101118,2010-11-18,2010,4,11,November,46,18,4,Thursday,0
20101119,2010-11-19,2010,4,11,November,46,19,5,Friday,0
20101120,2010-11-20,2010,4,11,November,46,20,6,Saturday,1
20101121,2010-11-21,2010,4,11,November,46,21,7,Sunday,1
20101122,2010-11-22,2010,4,11,November,47,22,1,Monday,0
20101123,2010-11-23,2010,4,11,November,47,23,2,Tuesday,0
20101124,2010-11-24,2010,4,11,November,47,24,3,Wednesday,0
20101125,2010-11-25,2010,4,11,November,47,25,4,Thursday,0
20101126,2010-11-26,2010,4,11,November,47,26,5,Friday,0
20101127,2010-11-27,2010,4,11,November,47,27,6,Saturday,1
20101128,2010-11-28,2010,4,11,November,47,28,7,Sunday,1
20101129,2010-11-29,2010,4,11,November,48,29,1,Monday,0
20101130,2010-11-30,2010,4,11,November,48,30,2,Tuesday,0
20101201,2010-12-01,2010,4,12,December,48,1,3,Wednesday,0
20101202,2010-12-02,2010,4,12,December,48,2,4,Thursday,0
20101203,2010-12-03,2010,4,12,December,48,3,5,Friday,0
20101204,2010-12-04,2010,4,12,December,48,4,6,Saturday,1
20101205,2010-12-05,2010,4,12,December,48,5,7,Sunday,1
20101206,2010-12-06,2010,4,12,December,49,6,1,Monday,0
20101207,2010-12-07,2010,4,12,December,49,7,2,Tuesday,0
20101208,2010-12-08,2010,4,12,December,49,8,3,Wednesday,0
20101209,2010-12-09,2010,4,12,December,49,9,4,Thursday,0
20101210,2010-12-10,2010,4,12,December,49,10,5,Friday,0
20101211,2010-12-11,2010,4,12,December,49,11,6,Saturday,1
20101212,2010-12-12,2010,4,12,December,49,12,7,Sunday,1
20101213,2010-12-13,2010,4,12,December,50,13,1,Monday,0
20101214,2010-12-14,2010,4,12,December,50,14,2,Tuesday,0
20101215,2010-12-15,2010,4,12,December,50,15,3,Wednesday,0
20101216,2010-12-16,2010,4,12,December,50,16,4,Thursday,0
20101217,2010-12-17,2010,4,12,December,50,17,5,Friday,0
20101218,2010-12-18,2010,4,12,December,50,18,6,Saturday,1
20101219,2010-12-19,2010,4,12,December,50,19,7,Sunday,1
20101220,2010-12-20,2010,4,12,December,51,20,1,Monday,0
20101221,2010-12-21,2010,4,12,December,51,21,2,Tuesday,0
20101222,2010-12-22,2010,4,12,December,51,22,3,Wednesday,0
20101223,2010-12-23,2010,4,12,December,51,23,4,Thursday,0
20101224,2010-12-24,2010,4,12,December,51,24,5,Friday,0
20101225,2010-12-25,2010,4,12,December,51,25,6,Saturday,1
20101226,2010-12-26,2010,4,12,December,51,26,7,Sunday,1
20101227,2010-12-27,2010,4,12,December,52,27,1,Monday,0
20101228,2010-12-28,2010,4,12,December,52,28,2,Tuesday,0
20101229,2010-12-29,2010,4,12,December,52,29,3,Wednesday,0
20101230,2010-12-30,2010,4,12,December,52,30,4,Thursday,0
20101231,2010-12-31,2010,4,12,December,52,31,5,Friday,0
